{
    "knots": [
        0.0,
        0.0,
        0.0,
        0.0,
        0.007832490669872823,
        0.0766710329257716,
        0.11727689055406389,
        0.15779353447689218,
        0.17595022628886928,
        0.19475800264582366,
        0.21212878449103853,
        0.22238308687938907,
        0.23254040812566076,
        0.3299347123620626,
        0.42764515471639886,
        0.4467263310351606,
        0.46600254852068734,
        0.4795714207024005,
        0.4832032613782113,
        0.48425294743112623,
        0.48467700263643965,
        0.4874324908733579,
        0.49388127918332714,
        0.5150908469325879,
        0.5254879556840647,
        0.5308599444051318,
        0.5349050572831296,
        0.5368236434649186,
        0.5369545382640537,
        0.5381237686316402,
        0.5423784180398392,
        0.5648081599681053,
        0.5706953669258928,
        0.5764184547340296,
        0.5850758521724424,
        0.6069625230064075,
        0.6383552725956771,
        0.7080761988138435,
        0.750025578334585,
        0.7701076337899978,
        0.7907600683401732,
        0.8012152504633622,
        0.8115237123248706,
        0.8234894757996454,
        0.8342014702161489,
        0.8744878074960996,
        1.0,
        1.0,
        1.0,
        1.0
    ],
    "control_points": [
        [
            -0.01765322825397488,
            0.03971795705607242,
            0.007461448369346849
        ],
        [
            0.16003124572707111,
            -0.6827669511213577,
            0.010992554372099924
        ],
        [
            1.6655595871894335,
            -8.635993880464408,
            -0.0033716726369610213
        ],
        [
            4.914826247730632,
            -20.476874338685555,
            -0.019920082927015845
        ],
        [
            7.706170798841854,
            -36.01381667990598,
            -0.016492190160176428
        ],
        [
            10.298440716891468,
            -46.06473826331578,
            -0.021554023296093454
        ],
        [
            11.108102030511258,
            -54.28566161533799,
            -0.025190176617829175
        ],
        [
            7.882750448038288,
            -59.47438617625376,
            -0.03960729047444578
        ],
        [
            3.1495913830921842,
            -61.28311879872226,
            -0.09366733487165321
        ],
        [
            -0.465153656282941,
            -62.10373987012433,
            -0.02433654708109497
        ],
        [
            -12.488066771627379,
            -64.02800403741132,
            0.00790052638880293
        ],
        [
            -33.58703395212747,
            -68.90331032523923,
            0.008600103046546561
        ],
        [
            -55.48437043991715,
            -73.68332051189952,
            0.01138584962051496
        ],
        [
            -69.51612567037351,
            -76.4678430264842,
            -0.03791137707396818
        ],
        [
            -74.70360160647647,
            -78.28113279389211,
            -0.10745378040673763
        ],
        [
            -77.37913841406778,
            -81.22903620779032,
            -0.08290425253419492
        ],
        [
            -78.45100786969944,
            -82.8027926742078,
            -0.07564837143870969
        ],
        [
            -78.75537401541476,
            -83.23058974660931,
            -0.0875809374653178
        ],
        [
            -78.58937245006707,
            -83.19587314059098,
            -0.10850687607389936
        ],
        [
            -77.76624518739347,
            -82.28485606194887,
            -0.10567079767589758
        ],
        [
            -76.18251539242227,
            -79.65629330619565,
            -0.11301649652762703
        ],
        [
            -73.7306204354853,
            -76.3636976579279,
            -0.1065044128490142
        ],
        [
            -71.85863613045176,
            -73.04360003784065,
            -0.06470257055723683
        ],
        [
            -70.86646702959483,
            -71.14090003608382,
            -0.048663282299745154
        ],
        [
            -70.36260311507672,
            -70.20837539438165,
            -0.024361276862833042
        ],
        [
            -70.2186604072505,
            -69.31932341626238,
            -0.036645392557508684
        ],
        [
            -70.13462450720237,
            -69.33397292685657,
            -0.043864851182136406
        ],
        [
            -69.9695652636293,
            -69.8996087647947,
            -0.0523811906505513
        ],
        [
            -69.77127726644368,
            -72.9349446000664,
            -0.05638175844834401
        ],
        [
            -67.21937140798143,
            -75.74651236609628,
            -0.05303077728821395
        ],
        [
            -63.520553334881676,
            -76.25004015850197,
            -0.015502070706488678
        ],
        [
            -61.5291936828712,
            -75.56896397736939,
            -0.06065594522695635
        ],
        [
            -58.056191718435464,
            -73.99457462717643,
            0.011471547866661413
        ],
        [
            -51.683112938711766,
            -72.65017773184937,
            0.05430026193695882
        ],
        [
            -39.035095569120244,
            -70.11473717820306,
            0.008072181716693628
        ],
        [
            -24.370252376497966,
            -66.87722179887824,
            -0.018836457116663565
        ],
        [
            -10.870916754382442,
            -63.90332163313241,
            -0.06531773263310652
        ],
        [
            -2.4365689283984078,
            -61.845660281026,
            -0.013153099809581662
        ],
        [
            2.859443786638853,
            -60.907507029592864,
            -0.026298878626526915
        ],
        [
            6.831564138579365,
            -58.93626699228706,
            -0.014945339092041062
        ],
        [
            8.954330945863362,
            -56.23418916178054,
            0.03427549926949619
        ],
        [
            10.525401607745845,
            -52.96041665179509,
            0.003848204916658046
        ],
        [
            9.845075903205464,
            -46.35636551546338,
            0.04001469310878388
        ],
        [
            6.091869973237035,
            -28.254014568216697,
            0.05853077526603312
        ],
        [
            2.3826974854293224,
            -11.198862089122374,
            -0.012979140525412504
        ],
        [
            -0.6004426955402578,
            1.5716278205859615,
            -0.005053023055435487
        ]
    ],
    "degree": 3,
    "origin": [
        443062.33326995047,
        4422591.725851968,
        43.02920151
    ],
    "epsg_code": "EPSG:32650"
}